"Radius_mi","Markets","Obs_Mkts","Exp_Beta","Exp_aH","Exp_aT","Exp_SSE","Pow_SSE","Gau_SSE","Best_SSE"
5,279,84,0.0387657772170792,0.207478505502345,0.909422387177906,0.00431108562721117,0.00408253260617223,0.00739578267478447,0.00408253260617223
10,246,75,0.0255292296421998,0.512268791782176,0.522750136652991,0.0092591329409252,0.00902289721560818,0.0123059614179423,0.00902289721560818
