"Radius_mi","Markets","Obs_Mkts","Exp_SSE","Pow_SSE","Gau_SSE","Best_SSE"
5,417,88,0.191846050597694,0.165082111379731,0.24433467204963,0.165082111379731
10,352,73,0.227044614760978,0.174820064717413,0.280633661500772,0.174820064717413
