"Radius_mi","Markets","Obs_Mkts","Exp_SSE","Pow_SSE","Gau_SSE","Best_SSE"
5,280,70,0.112151653591767,0.101804181971038,0.128668914515643,0.101804181971038
10,247,61,0.173503288761437,0.156035653778198,0.227241947361163,0.156035653778198
