"Radius_mi","Markets","Obs_Mkts","Exp_SSE","Pow_SSE","Gau_SSE","Best_SSE"
5,280,85,0.122333673788877,0.111366131920848,0.142992376074561,0.111366131920848
10,247,76,0.176048417254803,0.156932010559461,0.235620901991135,0.156932010559461
