"Radius_mi","Markets","Obs_Mkts","Exp_SSE","Pow_SSE","Gau_SSE","Best_SSE"
5,417,103,0.199846083218279,0.173641104711118,0.253939588455838,0.173641104711118
10,352,88,0.231830322708413,0.180616354373011,0.3063027951034,0.180616354373011
