"Radius_mi","Markets","Obs_Mkts","Exp_SSE","Pow_SSE","Gau_SSE","Best_SSE"
5,280,70,0.11584068239712,0.105175659084427,0.134036708003368,0.105175659084427
10,247,61,0.171269053488362,0.152596872924802,0.227235667832307,0.152596872924802
