"Radius_mi","Markets","Obs_Mkts","Exp_SSE","Pow_SSE","Gau_SSE","Best_SSE"
5,435,89,0.22097974940439,0.169270838302242,0.3032625391216,0.169270838302242
10,367,74,0.233870811848754,0.176422399043269,0.296660478491027,0.176422399043269
