"Radius_mi","Markets","Obs_Mkts","Exp_SSE","Pow_SSE","Gau_SSE","Best_SSE"
5,435,104,0.228111964389205,0.177502829730243,0.313215814661604,0.177502829730243
10,367,89,0.238629359846728,0.182127035101089,0.305044930336735,0.182127035101089
