"Radius_mi","Markets","Obs_Mkts","Exp_SSE","Pow_SSE","Gau_SSE","Best_SSE"
5,280,85,0.11805416450952,0.106857140946314,0.136860156282539,0.106857140946314
10,247,76,0.177385968845561,0.160395322496478,0.235623883410509,0.160395322496478
