"Model","Beta","Alpha_Hotel","Alpha_Tables","SSE","R_squared"
"Power",2.27914726216875,0.596897360826156,0.357665827897615,0.111366131920848,0.898084115390839
"Exponential",0.0715335497772,0.628089260590084,0.421954304816092,0.122333673788877,0.888047251290516
"Gaussian",0.00170279062078355,0.730068186665178,0.514705604216679,0.142992376074561,0.869141594049774
