"Model","Beta","Alpha_Hotel","Alpha_Tables","SSE","R_squared"
"Power",1.87825484779151,0.600816612919852,0.312517124028491,0.169270838302242,0.851421921833368
"Exponential",0.0518378873985714,0.547527478637602,0.411382961026309,0.22097974940439,0.806034241872049
"Gaussian",0.0030240079753535,0.100641360689702,0.100399491516004,0.3032625391216,0.733810231611386
