"Model","Beta","SSE","R_squared"
"Exponential",0.042570866891565,0.00228225323949325,0.762910862798743
"Gaussian",0.00050959107102433,0.00237739284597277,0.7530273990255
"Power",0.75358376622426,0.00275840184389535,0.7134467368009
