"Model","Beta","Alpha_Hotel","Alpha_Tables","SSE","R_squared"
"Power",1.36655285872951,0.328981056076877,0.865433424738626,0.00408253260617223,0.546274092097586
"Exponential",0.0387657772170792,0.207478505502345,0.909422387177906,0.00431108562721117,0.520873088118352
"Gaussian",1e-05,0.259785447088659,-0.225895943682811,0.00739578267478447,0.178044970493993
