"Model","Beta","Alpha_Hotel","Alpha_Tables","SSE","R_squared"
"Power",1.9864107146537,0.60622434632073,0.322116581409852,0.177502829730243,0.8538374229427
"Exponential",0.053893815069114,0.550075243624356,0.418432680458272,0.228111964389205,0.812163937761446
"Gaussian",0.00301565006954175,0.100642140415282,0.100396918331086,0.313215814661604,0.742086192565966
