"Model","Beta","Alpha_Hotel","Alpha_Tables","SSE","R_squared"
"Power",1.83836296043139,0.53941911576082,0.342967220071651,0.165082111379731,0.85507144386787
"Exponential",0.0478785414113983,0.367090282332347,0.507914532155958,0.191846050597694,0.831574900027665
"Gaussian",0.0015729264031914,0.100073004003156,0.100079773318284,0.24433467204963,0.785494194754294
