"Model","Beta","Alpha_Hotel","Alpha_Tables","SSE","R_squared"
"Power",1.95554600811804,0.542919747808514,0.348366014612858,0.173641104711118,0.857110672285765
"Exponential",0.0501670036814477,0.364911859202276,0.509536032301024,0.199846083218279,0.835546586017806
"Gaussian",0.0015864231536397,0.100076061060628,0.100081652583329,0.253939588455838,0.791033021041585
