"Model","Beta","Alpha_Hotel","Alpha_Tables","SSE","R_squared"
"Power",2.16228904341485,0.591155370117148,0.348396889466065,0.105175659084427,0.895327477881924
"Exponential",0.0721974803457001,0.626133183223915,0.424253306784428,0.11584068239712,0.8847134736693
"Gaussian",0.00181121158103302,0.742628604783184,0.525961461823994,0.134036708003368,0.86660449380351
