"Model","Beta","Alpha_Hotel","Alpha_Tables","SSE","R_squared"
"Power",2.2558832426316,0.674614799278317,0.311937247260403,0.106857140946314,0.902210484834926
"Exponential",0.0730052790433242,0.682995798039224,0.391837324814329,0.11805416450952,0.891963612273663
"Gaussian",0.00187152589860146,0.854216906940225,0.44565364421286,0.136860156282539,0.874753449233592
