"Model","Beta","SSE","R_squared"
"Exponential",0.0471645125405166,0.00265726329940632,0.772959289782994
"Gaussian",0.000528918192663426,0.00270021307769571,0.769289593908797
"Power",1.68454444752265,0.00360414456876297,0.692056281061974
