"Model","Beta","Alpha_Hotel","Alpha_Tables","SSE","R_squared"
"Power",2.18326994947292,0.670788022820591,0.306626516220567,0.101804181971038,0.898682826598479
"Exponential",0.0740687204081372,0.686091649612496,0.392242178257899,0.112151653591767,0.888384854981135
"Gaussian",0.00179070838977937,0.770448716503037,0.520510765503815,0.128668914515643,0.871946608960763
